name,sector,contacts,ask_type,priority,stage,existing,amount_usd,summary
BMO / Elavon,BANKING_FINANCIAL,Priscilla Lim; Baran Elahi; Phil Jung,CM,IN_MOTION,IN_DISCUSSION,0,,"Corporate member + payments/referral partner. Convert referral relationship into 2027 corporate partnership."
JPMorgan Chase,BANKING_FINANCIAL,Tony Chopp; Vivian Young; Lola Kielsmeier; Malika Lees,RR,NEXT_OUTREACH,PROSPECT,0,,"Banking + founder/private wealth partner"
MidFirst Bank,BANKING_FINANCIAL,An Na Tran,CM,IN_MOTION,IN_DISCUSSION,0,,"Corporate member + advisor opportunity. Follow up on membership + advisor ask."
Bank of America,BANKING_FINANCIAL,"Jaspal ""JP"" Dhillon",CM,NEXT_OUTREACH,PROSPECT,0,,"Corporate membership + banking"
East West Bank,BANKING_FINANCIAL,Angel Pham-Truong,SC,NEXT_OUTREACH,PROSPECT,0,,"Banking + economic summit/founder programming"
Silicon Valley Bank,BANKING_FINANCIAL,Katrina Samonte; Fiona Fan,SC,NEXT_OUTREACH,PROSPECT,0,,"Founder/investor events + startup banking"
Merrill Lynch,BANKING_FINANCIAL,Jay Le,SC,NEXT_OUTREACH,PROSPECT,0,,"Wealth management + dinner sponsorship"
Goldman Sachs,BANKING_FINANCIAL,Alex King,RR,OPPORTUNITY,PROSPECT,0,,"Founder/investor + wealth partnership"
Conventus Lending,BANKING_FINANCIAL,Brenda Chen; Steven Kim,CM,NEXT_OUTREACH,PROSPECT,0,,"Lending/referral + corporate membership"
TomoCredit,BANKING_FINANCIAL,Kristy Kim,RR,BACKLOG,PROSPECT,0,,"Fintech/referral + community partnership"
Robinhood,BANKING_FINANCIAL,Marketing team,SC,BACKLOG,PROSPECT,0,,"Investing/financial education partnership"
Comcast,TECH_COMMERCE_SMB,Joon Kim,CM,IN_MOTION,IN_DISCUSSION,0,,"Corporate member + SMB/Comcast RISE. Follow up with Joon."
T-Mobile,TECH_COMMERCE_SMB,Mitchel,CM,NEXT_OUTREACH,PROSPECT,0,,"Telecom + corporate membership"
ADP,TECH_COMMERCE_SMB,Steven Thuyen; Louisa Guo; Ben Bao,CM,IN_MOTION,IN_DISCUSSION,0,,"Payroll/HR + referral + annual sponsor. Convert sponsorship/affiliate relationship into annual partnership."
SHOPLINE,TECH_COMMERCE_SMB,Alex Ling; Peter Salib; Lily Liu; David Gardner,SC,NEXT_OUTREACH,PROSPECT,0,,"Official commerce/platform partner"
BigCommerce / Commerce,TECH_COMMERCE_SMB,Alex Boxer; John-David Klausner,RR,BACKLOG,PROSPECT,0,,"Agency + merchant referral partnership"
Alibaba.com,TECH_COMMERCE_SMB,Alex Tsai; Kay,SC,NEXT_OUTREACH,PROSPECT,0,,"Sourcing/seller + event partnership"
Walmart,TECH_COMMERCE_SMB,Joanne Tabellija-Murphy,SC,NEXT_OUTREACH,PROSPECT,0,,"Marketplace/seller + corporate partnership"
Meta,TECH_COMMERCE_SMB,Hae Min Lee,SC,NEXT_OUTREACH,PROSPECT,0,,"Entrepreneur/community programming"
Google,TECH_COMMERCE_SMB,,SC,BACKLOG,CONTACTED,1,,"Founder/community programming"
beehiiv,TECH_COMMERCE_SMB,Alec Kremins,SC,OPPORTUNITY,PROSPECT,0,,"Newsletter/media partnership"
NachoNacho,TECH_COMMERCE_SMB,Sanjay Goel,RR,BACKLOG,PROSPECT,0,,"SMB SaaS/member benefits partnership"
Azurium,PROFESSIONAL_SERVICES,Hieu Le; Anurag Kakar; Jason Aroesty,CM,IN_MOTION,PROPOSAL_SENT,0,50000,"$50K AHF partnership proposal - close it."
JLL,PROFESSIONAL_SERVICES,,SC,BACKLOG,CONTACTED,1,,"Real estate/workplace + venue partnership"
SERHANT.,PROFESSIONAL_SERVICES,Kelly Du; Chester Yow,RR,BACKLOG,PROSPECT,0,,"Real estate + founder referrals/events"
Gunderson Dettmer,PROFESSIONAL_SERVICES,Kristie Lam,SC,BACKLOG,PROSPECT,0,,"Legal/startup ecosystem partnership"
Northwestern Mutual,PROFESSIONAL_SERVICES,,RR,BACKLOG,CONTACTED,1,,"Financial planning + founder referrals"
Workstream,PROFESSIONAL_SERVICES,,RR,BACKLOG,CONTACTED,1,,"SMB/HR partnership"
TRI3E,PROFESSIONAL_SERVICES,Steve Liu,SC,BACKLOG,IN_DISCUSSION,0,,"Current content/partnership discussions"
Accomplices,PROFESSIONAL_SERVICES,Tesa Lau; Lexus Johnson,RR,BACKLOG,PROSPECT,0,,"Agency/channel + international campaigns"
Nielsen,CORPORATE_CONSUMER_MEDIA,Stacie deArmas,SC,NEXT_OUTREACH,PROSPECT,0,,"Data/media/community partnership"
Hennessy,CORPORATE_CONSUMER_MEDIA,,SC,NEXT_OUTREACH,CONTACTED,1,,"Events + cultural/community sponsorship"
Southwest Airlines,CORPORATE_CONSUMER_MEDIA,,SC,BACKLOG,CONTACTED,1,,"Travel + event partnership"
T&T Supermarket,CORPORATE_CONSUMER_MEDIA,Emily Chu,SC,NEXT_OUTREACH,PROSPECT,0,,"Asian community/events + consumer partnership"
KIA,CORPORATE_CONSUMER_MEDIA,Jenny Kim; Janice Mah,CM,OPPORTUNITY,PROSPECT,0,,"ERG + corporate partnership"
Steller,CORPORATE_CONSUMER_MEDIA,Annette Taus,CM,NEXT_OUTREACH,CONTACTED,0,50000,"Previously discussed $50K corporate membership"
My Cha,CORPORATE_CONSUMER_MEDIA,Jessica Kim,SC,BACKLOG,PROSPECT,0,,"Events + beverage/community partnership"
New York Asian Film Festival,CORPORATE_CONSUMER_MEDIA,Diana Choi; NYAFF team,SC,BACKLOG,PROSPECT,0,,"Media/content/community partnership"
Great Star Theater,CORPORATE_CONSUMER_MEDIA,Alice Chu,SC,BACKLOG,PROSPECT,0,,"Venue/cultural programming"
Asian Creator Awards,CORPORATE_CONSUMER_MEDIA,Jerry Won,SC,BACKLOG,PROSPECT,0,,"Creator/media partnership"
Singapore Global Network / Singapore EDB,GLOBAL_GOVERNMENT_ECOSYSTEM,Cheryl Lee; Daryl Png; Vincent Song,SC,BACKLOG,PROSPECT,0,,"Multi-year global partnership"
Startup Island TAIWAN,GLOBAL_GOVERNMENT_ECOSYSTEM,,SC,BACKLOG,CONTACTED,1,,"Taiwan/U.S. founder programs"
Clark County,GLOBAL_GOVERNMENT_ECOSYSTEM,Thomas Nally; Kathleen Taylor,SC,OPPORTUNITY,PROSPECT,0,,"Grants + Vegas small-business programming"
National ACE,GLOBAL_GOVERNMENT_ECOSYSTEM,Jan-Ie Low,SC,BACKLOG,PROSPECT,0,,"Entrepreneur programming/community collaboration"
Gold House,GLOBAL_GOVERNMENT_ECOSYSTEM,Daniel Suh,SC,OPPORTUNITY,PROSPECT,0,,"Ecosystem/events/community collaboration"
TAAF,GLOBAL_GOVERNMENT_ECOSYSTEM,,SC,BACKLOG,CONTACTED,1,,"Community/media/programming collaboration"
USPAACC,GLOBAL_GOVERNMENT_ECOSYSTEM,Devin Liao,SC,OPPORTUNITY,PROSPECT,0,,"Business/community partnership"
California Asian Pacific Chamber of Commerce,GLOBAL_GOVERNMENT_ECOSYSTEM,Alison Rivas,SC,OPPORTUNITY,PROSPECT,0,,"Business ecosystem partnership"
APCF,GLOBAL_GOVERNMENT_ECOSYSTEM,Brandon Dugas; Rachel Benitez; Karen Fan,SC,BACKLOG,PROSPECT,0,,"Nonprofit/community programming"
Right to Start,GLOBAL_GOVERNMENT_ECOSYSTEM,Victor Hwang,SC,BACKLOG,PROSPECT,0,,"Entrepreneurship programming/advocacy ecosystem"
